{
    "accuracy": [
        0.24799999594688416,
        0.26466667652130127,
        0.14933332800865173,
        0.14399999380111694
    ],
    "loss": [
        1.6084262132644653,
        1.608139157295227,
        1.6127445697784424,
        1.612477421760559
    ],
    "val_accuracy": [
        0.23333333432674408,
        0.23333333432674408,
        0.10000000149011612,
        0.10000000149011612
    ],
    "val_loss": [
        1.6048579216003418,
        1.6046627759933472,
        1.6142457723617554,
        1.614050269126892
    ]
}