{
    "loss": [
        0.1827605962753296,
        0.16624820232391357,
        0.16550688445568085,
        0.16524863243103027,
        0.16514407098293304,
        0.1650293469429016
    ],
    "mae": [
        0.1827605962753296,
        0.16624820232391357,
        0.16550688445568085,
        0.16524863243103027,
        0.16514407098293304,
        0.1650293469429016
    ],
    "mse": [
        0.06862886250019073,
        0.05783333629369736,
        0.05761905759572983,
        0.057534731924533844,
        0.0574987530708313,
        0.05749514326453209
    ],
    "cosine_similarity": [
        0.8708677887916565,
        0.884270191192627,
        0.884556233882904,
        0.884640097618103,
        0.8846330642700195,
        0.8846433162689209
    ]
}