{
    "loss": [
        0.1826888918876648,
        0.16512639820575714,
        0.16431406140327454,
        0.16406765580177307,
        0.16398131847381592,
        0.16386914253234863
    ],
    "mae": [
        0.1826888918876648,
        0.16512639820575714,
        0.16431406140327454,
        0.16406765580177307,
        0.16398131847381592,
        0.16386914253234863
    ],
    "mse": [
        0.06880324333906174,
        0.05757499113678932,
        0.05736042931675911,
        0.05732681602239609,
        0.05731328949332237,
        0.057270895689725876
    ],
    "cosine_similarity": [
        0.8700268268585205,
        0.8847305178642273,
        0.8849954009056091,
        0.8849579095840454,
        0.8849669694900513,
        0.8850245475769043
    ]
}