{
    "loss": [
        0.1832781583070755,
        0.16559921205043793,
        0.16470405459403992,
        0.16444917023181915,
        0.164277121424675,
        0.16412563621997833
    ],
    "mae": [
        0.1832781583070755,
        0.16559921205043793,
        0.16470405459403992,
        0.16444917023181915,
        0.164277121424675,
        0.16412563621997833
    ],
    "mse": [
        0.0688835084438324,
        0.0576428584754467,
        0.05736957862973213,
        0.05728350952267647,
        0.057257939130067825,
        0.05722435563802719
    ],
    "cosine_similarity": [
        0.8711888790130615,
        0.8847086429595947,
        0.8850237131118774,
        0.885121762752533,
        0.8851506114006042,
        0.8851815462112427
    ]
}