{"loss": [0.19794514775276184, 0.14871837198734283, 0.1479908525943756, 0.14877036213874817, 0.14977958798408508, 0.15073660016059875], "mae": [0.19794514775276184, 0.14871837198734283, 0.1479908525943756, 0.14877036213874817, 0.14977958798408508, 0.15073660016059875], "mse": [0.09466669708490372, 0.0533142015337944, 0.05329374969005585, 0.05389483645558357, 0.05451924726366997, 0.0552293062210083], "cosine_similarity": [0.8527659177780151, 0.8946428298950195, 0.8938180804252625, 0.892193615436554, 0.8905935883522034, 0.8890970349311829]}