{
    "accuracy": [
        0.27666667103767395,
        0.359333336353302,
        0.4026666581630707,
        0.4333333373069763,
        0.4466666579246521,
        0.48399999737739563,
        0.5166666507720947,
        0.5353333353996277,
        0.5646666884422302,
        0.5846666693687439,
        0.5766666531562805,
        0.5973333120346069,
        0.6460000276565552,
        0.6473333239555359,
        0.6733333468437195,
        0.6786666512489319,
        0.6753333210945129,
        0.6993333101272583,
        0.7080000042915344,
        0.7306666374206543,
        0.7253333330154419,
        0.7480000257492065,
        0.7540000081062317,
        0.7786666750907898,
        0.7580000162124634,
        0.7753333449363708,
        0.7713333368301392,
        0.7893333435058594,
        0.79666668176651,
        0.8073333501815796,
        0.8006666898727417,
        0.7933333516120911,
        0.7979999780654907,
        0.8346666693687439,
        0.8199999928474426,
        0.8233333230018616,
        0.843999981880188,
        0.828000009059906,
        0.8453333377838135,
        0.8579999804496765,
        0.8479999899864197,
        0.8573333621025085,
        0.8606666922569275,
        0.8633333444595337,
        0.8759999871253967,
        0.8700000047683716,
        0.8846666812896729,
        0.8859999775886536,
        0.8859999775886536,
        0.8786666393280029
    ],
    "loss": [
        2.265322208404541,
        1.6456159353256226,
        1.482839822769165,
        1.3714567422866821,
        1.300247073173523,
        1.2461159229278564,
        1.184039831161499,
        1.174059510231018,
        1.1170508861541748,
        1.0931974649429321,
        1.0817339420318604,
        1.067955732345581,
        0.9627742767333984,
        0.9426363706588745,
        0.9267871975898743,
        0.8929553031921387,
        0.9088209867477417,
        0.8260392546653748,
        0.8198071122169495,
        0.7905117273330688,
        0.7553482055664062,
        0.7136780619621277,
        0.7432361841201782,
        0.6911536455154419,
        0.7063291668891907,
        0.6394545435905457,
        0.6596910357475281,
        0.6042221784591675,
        0.5673881769180298,
        0.5504574775695801,
        0.5908514261245728,
        0.5884214639663696,
        0.5705214142799377,
        0.4757438898086548,
        0.49681606888771057,
        0.5167276859283447,
        0.4818071722984314,
        0.5144668221473694,
        0.46617457270622253,
        0.41216814517974854,
        0.4486714005470276,
        0.4241254925727844,
        0.4061032235622406,
        0.3925081789493561,
        0.3923548460006714,
        0.38121166825294495,
        0.35947203636169434,
        0.33968251943588257,
        0.32088515162467957,
        0.37194034457206726
    ],
    "val_accuracy": [
        0.3333333432674408,
        0.3333333432674408,
        0.4000000059604645,
        0.36666667461395264,
        0.36666667461395264,
        0.5666666626930237,
        0.4333333373069763,
        0.6000000238418579,
        0.5666666626930237,
        0.6333333253860474,
        0.46666666865348816,
        0.6333333253860474,
        0.6000000238418579,
        0.6000000238418579,
        0.5666666626930237,
        0.5666666626930237,
        0.6666666865348816,
        0.699999988079071,
        0.6666666865348816,
        0.6666666865348816,
        0.7333333492279053,
        0.6000000238418579,
        0.6666666865348816,
        0.5666666626930237,
        0.6666666865348816,
        0.699999988079071,
        0.5666666626930237,
        0.7333333492279053,
        0.699999988079071,
        0.7333333492279053,
        0.5,
        0.6000000238418579,
        0.7333333492279053,
        0.6000000238418579,
        0.7333333492279053,
        0.5666666626930237,
        0.6000000238418579,
        0.7666666507720947,
        0.7333333492279053,
        0.800000011920929,
        0.6000000238418579,
        0.6333333253860474,
        0.800000011920929,
        0.6333333253860474,
        0.800000011920929,
        0.6000000238418579,
        0.800000011920929,
        0.800000011920929,
        0.6000000238418579,
        0.800000011920929
    ],
    "val_loss": [
        1.6732652187347412,
        1.2528051137924194,
        1.235477328300476,
        1.2458163499832153,
        1.340539813041687,
        1.1369868516921997,
        1.2655516862869263,
        1.1430915594100952,
        1.1107889413833618,
        1.0756738185882568,
        1.1645970344543457,
        1.0836117267608643,
        1.2274357080459595,
        1.1553854942321777,
        1.193084716796875,
        1.0325323343276978,
        0.8682212829589844,
        0.9756371974945068,
        0.8927168250083923,
        0.9568160772323608,
        0.895397424697876,
        0.9663292169570923,
        1.028773546218872,
        1.0261038541793823,
        0.9312822818756104,
        0.9113383889198303,
        1.1399165391921997,
        0.773684561252594,
        0.867408037185669,
        0.8711813688278198,
        1.6433838605880737,
        1.0422097444534302,
        0.7537063956260681,
        0.9034567475318909,
        0.7435692548751831,
        1.3963109254837036,
        1.0519040822982788,
        0.7093473076820374,
        0.8456372618675232,
        0.6045278906822205,
        1.415619969367981,
        0.9837169051170349,
        0.6390022039413452,
        1.0416592359542847,
        0.6082321405410767,
        1.6146949529647827,
        0.564365565776825,
        0.6646056771278381,
        1.1157244443893433,
        0.5194492936134338
    ]
}