{
    "loss": [
        0.1813226044178009,
        0.16550785303115845,
        0.16459406912326813,
        0.1644844263792038,
        0.164246067404747,
        0.16410870850086212
    ],
    "mae": [
        0.1813226044178009,
        0.16550785303115845,
        0.16459406912326813,
        0.1644844263792038,
        0.164246067404747,
        0.16410870850086212
    ],
    "mse": [
        0.06642036139965057,
        0.057615045458078384,
        0.057382576167583466,
        0.057304441928863525,
        0.0573275089263916,
        0.057241134345531464
    ],
    "cosine_similarity": [
        0.8733219504356384,
        0.884723424911499,
        0.885010838508606,
        0.8850621581077576,
        0.885026752948761,
        0.8851470351219177
    ]
}