{
    "loss": [
        0.18082073330879211,
        0.16540579497814178,
        0.16458676755428314,
        0.1644708663225174,
        0.16432061791419983,
        0.1642129272222519
    ],
    "mae": [
        0.18082073330879211,
        0.16540579497814178,
        0.16458676755428314,
        0.1644708663225174,
        0.16432061791419983,
        0.1642129272222519
    ],
    "mse": [
        0.06620267778635025,
        0.05760079249739647,
        0.05739288404583931,
        0.057350125163793564,
        0.05727829039096832,
        0.05727380886673927
    ],
    "cosine_similarity": [
        0.8734726905822754,
        0.8847334980964661,
        0.8849716186523438,
        0.8850041031837463,
        0.885092556476593,
        0.8850758075714111
    ]
}