{"loss": [0.1867324411869049, 0.14720414578914642, 0.14532583951950073, 0.14437976479530334, 0.1441798359155655, 0.14408302307128906], "mae": [0.1867324411869049, 0.14720414578914642, 0.14532583951950073, 0.14437976479530334, 0.1441798359155655, 0.14408302307128906], "mse": [0.08460795134305954, 0.05239519104361534, 0.051751405000686646, 0.05142514780163765, 0.051362067461013794, 0.05140126124024391], "cosine_similarity": [0.8641370534896851, 0.8972031474113464, 0.8977817296981812, 0.8980470299720764, 0.8978734612464905, 0.8976870179176331]}