{
    "loss": [
        0.18467964231967926,
        0.16654230654239655,
        0.16565236449241638,
        0.1653059720993042,
        0.16520822048187256,
        0.16498927772045135
    ],
    "mae": [
        0.18467964231967926,
        0.16654230654239655,
        0.16565236449241638,
        0.1653059720993042,
        0.16520822048187256,
        0.16498927772045135
    ],
    "mse": [
        0.07015848159790039,
        0.05796007812023163,
        0.05767159163951874,
        0.05757148936390877,
        0.05756751447916031,
        0.057515520602464676
    ],
    "cosine_similarity": [
        0.8674849271774292,
        0.8841068148612976,
        0.8844686150550842,
        0.88456791639328,
        0.8845019936561584,
        0.88458651304245
    ]
}