{
    "accuracy": [
        0.19866666197776794,
        0.19333332777023315,
        0.20666666328907013,
        0.23133333027362823,
        0.2240000069141388,
        0.24666666984558105,
        0.2633333206176758,
        0.2619999945163727,
        0.29733332991600037,
        0.28333333134651184,
        0.3160000145435333,
        0.23133333027362823,
        0.20000000298023224,
        0.20000000298023224,
        0.20000000298023224,
        0.20000000298023224,
        0.20000000298023224,
        0.20000000298023224,
        0.20000000298023224,
        0.20000000298023224
    ],
    "loss": [
        2992.435546875,
        2479.09423828125,
        2023.6796875,
        1624.6231689453125,
        1279.303466796875,
        985.2196044921875,
        740.045654296875,
        541.5521850585938,
        387.1053466796875,
        273.638427734375,
        197.6831512451172,
        157.07363891601562,
        141.6068572998047,
        130.80343627929688,
        120.7396240234375,
        111.31016540527344,
        102.47237396240234,
        94.18873596191406,
        86.43941497802734,
        79.20478057861328
    ],
    "val_accuracy": [
        0.10000000149011612,
        0.1666666716337204,
        0.10000000149011612,
        0.2666666805744171,
        0.3333333432674408,
        0.1666666716337204,
        0.23333333432674408,
        0.23333333432674408,
        0.1666666716337204,
        0.13333334028720856,
        0.13333334028720856,
        0.13333334028720856,
        0.13333334028720856,
        0.13333334028720856,
        0.13333334028720856,
        0.13333334028720856,
        0.13333334028720856,
        0.13333334028720856,
        0.13333334028720856,
        0.13333334028720856
    ],
    "val_loss": [
        2719.4130859375,
        2235.7734375,
        1809.895263671875,
        1438.9893798828125,
        1120.329345703125,
        851.7144775390625,
        630.8760986328125,
        455.3908996582031,
        322.5443115234375,
        228.75103759765625,
        171.17984008789062,
        147.3500518798828,
        135.91920471191406,
        125.54422760009766,
        115.81163787841797,
        106.69293975830078,
        98.14360046386719,
        90.1344985961914,
        82.65680694580078,
        75.67201232910156
    ]
}