{
    "accuracy": [
        0.22466666996479034,
        0.30533334612846375,
        0.39666667580604553,
        0.47733333706855774,
        0.5146666765213013,
        0.5506666898727417,
        0.5613333582878113,
        0.6106666922569275,
        0.6166666746139526,
        0.625333309173584,
        0.6526666879653931,
        0.6446666717529297,
        0.6626666784286499,
        0.6840000152587891,
        0.6993333101272583,
        0.6746666431427002,
        0.70333331823349,
        0.7039999961853027,
        0.7179999947547913,
        0.70333331823349,
        0.7139999866485596,
        0.7459999918937683,
        0.7226666808128357,
        0.7459999918937683,
        0.75,
        0.7506666779518127,
        0.7493333220481873,
        0.7620000243186951,
        0.7713333368301392,
        0.765333354473114
    ],
    "loss": [
        2.5227458477020264,
        1.7013112306594849,
        1.4750423431396484,
        1.2691103219985962,
        1.2029935121536255,
        1.128375768661499,
        1.086343765258789,
        1.0278303623199463,
        0.9857591390609741,
        0.977613091468811,
        0.9304482340812683,
        0.8948541879653931,
        0.874823808670044,
        0.8524534702301025,
        0.8050426244735718,
        0.8261547088623047,
        0.7656590938568115,
        0.7797393202781677,
        0.732433021068573,
        0.7420382499694824,
        0.7585910558700562,
        0.6829873323440552,
        0.7322197556495667,
        0.6746179461479187,
        0.6602731347084045,
        0.6383323073387146,
        0.6528024673461914,
        0.6491196751594543,
        0.6118311882019043,
        0.6199122667312622
    ],
    "val_accuracy": [
        0.20000000298023224,
        0.4333333373069763,
        0.5333333611488342,
        0.5666666626930237,
        0.5666666626930237,
        0.7666666507720947,
        0.6666666865348816,
        0.7333333492279053,
        0.7333333492279053,
        0.7666666507720947,
        0.699999988079071,
        0.699999988079071,
        0.6000000238418579,
        0.699999988079071,
        0.7666666507720947,
        0.699999988079071,
        0.6666666865348816,
        0.699999988079071,
        0.800000011920929,
        0.7333333492279053,
        0.6333333253860474,
        0.5666666626930237,
        0.6000000238418579,
        0.7666666507720947,
        0.699999988079071,
        0.6666666865348816,
        0.699999988079071,
        0.699999988079071,
        0.7666666507720947,
        0.5333333611488342
    ],
    "val_loss": [
        1.6682534217834473,
        1.3659052848815918,
        1.3722319602966309,
        1.3023149967193604,
        1.3130098581314087,
        0.9651288390159607,
        1.1279391050338745,
        0.8476248979568481,
        0.8961930871009827,
        0.904000461101532,
        0.9107663631439209,
        0.8869205713272095,
        1.0431230068206787,
        0.7123886942863464,
        0.8736530542373657,
        0.8628420233726501,
        0.9013360738754272,
        0.9294722080230713,
        0.7131439447402954,
        0.7788273692131042,
        0.9335507750511169,
        0.9596514105796814,
        0.9903632998466492,
        0.7771366238594055,
        0.719223141670227,
        0.7800493836402893,
        0.8020597100257874,
        0.7730541229248047,
        0.640824019908905,
        1.5816574096679688
    ]
}