{
    "loss": [
        0.1591317057609558,
        0.08480831235647202,
        0.07154452055692673,
        0.0645924061536789,
        0.06006433069705963,
        0.05727028474211693,
        0.055122703313827515,
        0.05354853346943855,
        0.052279625087976456,
        0.05150490626692772,
        0.05097312480211258,
        0.050597112625837326,
        0.05030125379562378,
        0.050022006034851074,
        0.04972212761640549,
        0.049342136830091476,
        0.048730675131082535,
        0.04743800684809685,
        0.04597281292080879,
        0.04543953388929367
    ],
    "mae": [
        0.1591317057609558,
        0.08480831235647202,
        0.07154452055692673,
        0.0645924061536789,
        0.06006433069705963,
        0.05727028474211693,
        0.055122703313827515,
        0.05354853346943855,
        0.052279625087976456,
        0.05150490626692772,
        0.05097312480211258,
        0.050597112625837326,
        0.05030125379562378,
        0.050022006034851074,
        0.04972212761640549,
        0.049342136830091476,
        0.048730675131082535,
        0.04743800684809685,
        0.04597281292080879,
        0.04543953388929367
    ],
    "mse": [
        0.06033305451273918,
        0.021893972530961037,
        0.01909523457288742,
        0.018448494374752045,
        0.017893020063638687,
        0.017586201429367065,
        0.01732443831861019,
        0.016902323812246323,
        0.01654697023332119,
        0.016374919563531876,
        0.016310177743434906,
        0.016283586621284485,
        0.016283828765153885,
        0.016317671164870262,
        0.016384797170758247,
        0.01647808775305748,
        0.016637446358799934,
        0.016964048147201538,
        0.01711730659008026,
        0.017014076933264732
    ],
    "cosine_similarity": [
        0.8771306276321411,
        0.9561377167701721,
        0.9614707827568054,
        0.962308406829834,
        0.9633995890617371,
        0.964078426361084,
        0.9646832942962646,
        0.9656245112419128,
        0.9664152264595032,
        0.9668061137199402,
        0.9669539332389832,
        0.9670030474662781,
        0.9669827818870544,
        0.9668790698051453,
        0.9667006134986877,
        0.9664572477340698,
        0.9660808444023132,
        0.9654016494750977,
        0.9651297926902771,
        0.9653379321098328
    ]
}