{
    "loss": [
        0.1606815606355667,
        0.09321393072605133,
        0.08318875730037689,
        0.07634466886520386,
        0.06722929328680038,
        0.06216244027018547,
        0.060570113360881805,
        0.05935630947351456,
        0.05830477550625801,
        0.05752125009894371,
        0.05699010565876961,
        0.056602757424116135,
        0.056308500468730927,
        0.05607624351978302,
        0.05588719621300697,
        0.05572846904397011,
        0.05559440329670906,
        0.05547912418842316,
        0.05537215247750282,
        0.05527304857969284
    ],
    "mae": [
        0.1606815606355667,
        0.09321393072605133,
        0.08318875730037689,
        0.07634466886520386,
        0.06722929328680038,
        0.06216244027018547,
        0.060570113360881805,
        0.05935630947351456,
        0.05830477550625801,
        0.05752125009894371,
        0.05699010565876961,
        0.056602757424116135,
        0.056308500468730927,
        0.05607624351978302,
        0.05588719621300697,
        0.05572846904397011,
        0.05559440329670906,
        0.05547912418842316,
        0.05537215247750282,
        0.05527304857969284
    ],
    "mse": [
        0.0650021955370903,
        0.025891438126564026,
        0.023672418668866158,
        0.020756429061293602,
        0.017449231818318367,
        0.016720421612262726,
        0.01668914593756199,
        0.01670377142727375,
        0.016736358404159546,
        0.016770385205745697,
        0.01678887940943241,
        0.016812780871987343,
        0.01683787815272808,
        0.016854645684361458,
        0.016852620989084244,
        0.016847673803567886,
        0.016831278800964355,
        0.01681162230670452,
        0.016785938292741776,
        0.016754010692238808
    ],
    "cosine_similarity": [
        0.8580131530761719,
        0.9469529986381531,
        0.9522221088409424,
        0.9581992626190186,
        0.9645967483520508,
        0.9660754203796387,
        0.9661981463432312,
        0.9662151336669922,
        0.9662042856216431,
        0.9661840200424194,
        0.9661867618560791,
        0.9661741256713867,
        0.9661531448364258,
        0.9661428332328796,
        0.9661616683006287,
        0.9661826491355896,
        0.9662256240844727,
        0.9662743210792542,
        0.9663334488868713,
        0.9664089679718018
    ]
}