{
    "loss": [
        0.15847168862819672,
        0.08975707739591599,
        0.0810876339673996,
        0.07227881252765656,
        0.06830721348524094,
        0.06638781726360321,
        0.06472298502922058,
        0.06235028803348541,
        0.05976886674761772,
        0.05831971764564514,
        0.057620007544755936,
        0.057248905301094055,
        0.05701108276844025,
        0.056843191385269165,
        0.05671434849500656,
        0.056609127670526505,
        0.056523267179727554,
        0.05645069107413292,
        0.05638844147324562,
        0.05633305013179779
    ],
    "mae": [
        0.15847168862819672,
        0.08975707739591599,
        0.0810876339673996,
        0.07227881252765656,
        0.06830721348524094,
        0.06638781726360321,
        0.06472298502922058,
        0.06235028803348541,
        0.05976886674761772,
        0.05831971764564514,
        0.057620007544755936,
        0.057248905301094055,
        0.05701108276844025,
        0.056843191385269165,
        0.05671434849500656,
        0.056609127670526505,
        0.056523267179727554,
        0.05645069107413292,
        0.05638844147324562,
        0.05633305013179779
    ],
    "mse": [
        0.061446599662303925,
        0.02153659798204899,
        0.018837997689843178,
        0.018344230949878693,
        0.018080774694681168,
        0.017747240141034126,
        0.017589181661605835,
        0.017814354971051216,
        0.018405459821224213,
        0.018546856939792633,
        0.018514642491936684,
        0.01843472570180893,
        0.018340418115258217,
        0.0182761549949646,
        0.018215777352452278,
        0.01815091259777546,
        0.018119612708687782,
        0.018068471923470497,
        0.018013106659054756,
        0.017952922731637955
    ],
    "cosine_similarity": [
        0.8658901453018188,
        0.9571110606193542,
        0.9623891115188599,
        0.9632394313812256,
        0.9639840126037598,
        0.9647552967071533,
        0.9651123881340027,
        0.9645677208900452,
        0.9632315039634705,
        0.9629451036453247,
        0.9630361199378967,
        0.9632238149642944,
        0.9634318947792053,
        0.9635753631591797,
        0.9637051224708557,
        0.9638478755950928,
        0.9639152884483337,
        0.9640284180641174,
        0.9641505479812622,
        0.9642797708511353
    ]
}