{
    "loss": [
        0.1478467732667923,
        0.0809260830283165,
        0.07407578080892563,
        0.07104095816612244,
        0.0690922811627388,
        0.06784434616565704,
        0.0669134259223938,
        0.06610792875289917,
        0.06539788842201233,
        0.0647120475769043,
        0.06400202959775925,
        0.06330245733261108,
        0.06256245076656342,
        0.061921410262584686,
        0.06128505617380142,
        0.06077535077929497,
        0.06027693301439285,
        0.05981866270303726,
        0.05938410758972168,
        0.05896973982453346
    ],
    "mae": [
        0.1478467732667923,
        0.0809260830283165,
        0.07407578080892563,
        0.07104095816612244,
        0.0690922811627388,
        0.06784434616565704,
        0.0669134259223938,
        0.06610792875289917,
        0.06539788842201233,
        0.0647120475769043,
        0.06400202959775925,
        0.06330245733261108,
        0.06256245076656342,
        0.061921410262584686,
        0.06128505617380142,
        0.06077535077929497,
        0.06027693301439285,
        0.05981866270303726,
        0.05938410758972168,
        0.05896973982453346
    ],
    "mse": [
        0.05331084877252579,
        0.014103090390563011,
        0.012238558381795883,
        0.011636373586952686,
        0.011306289583444595,
        0.011103126220405102,
        0.010932336561381817,
        0.010786849074065685,
        0.01064971275627613,
        0.010516900569200516,
        0.010393504053354263,
        0.010267257690429688,
        0.010159307159483433,
        0.010058581829071045,
        0.00997662078589201,
        0.009927374310791492,
        0.009856374934315681,
        0.009800059720873833,
        0.009730529971420765,
        0.009683764539659023
    ],
    "cosine_similarity": [
        0.8994181752204895,
        0.9738357663154602,
        0.9769772887229919,
        0.9779761433601379,
        0.978534460067749,
        0.9788696765899658,
        0.979157567024231,
        0.9794157147407532,
        0.9796403646469116,
        0.9798837900161743,
        0.9801032543182373,
        0.9803288578987122,
        0.9805206656455994,
        0.9806851148605347,
        0.9808210134506226,
        0.9809014201164246,
        0.98103266954422,
        0.9811531901359558,
        0.9812700152397156,
        0.9813516736030579
    ]
}