{
    "loss": [
        0.06022823974490166,
        0.021239787340164185,
        0.015677278861403465,
        0.012647602707147598,
        0.01061927154660225,
        0.009136139415204525,
        0.007987749762833118,
        0.007143696770071983,
        0.006568216718733311,
        0.006162593141198158,
        0.005838999059051275,
        0.005580298136919737,
        0.005363365635275841,
        0.0051773167215287685,
        0.005006052553653717,
        0.004865176975727081,
        0.004729935433715582,
        0.0046042087487876415,
        0.004499309230595827,
        0.004400403238832951
    ],
    "mae": [
        0.06022823974490166,
        0.021239787340164185,
        0.015677278861403465,
        0.012647602707147598,
        0.01061927154660225,
        0.009136139415204525,
        0.007987749762833118,
        0.007143696770071983,
        0.006568216718733311,
        0.006162593141198158,
        0.005838999059051275,
        0.005580298136919737,
        0.005363365635275841,
        0.0051773167215287685,
        0.005006052553653717,
        0.004865176975727081,
        0.004729935433715582,
        0.0046042087487876415,
        0.004499309230595827,
        0.004400403238832951
    ],
    "mse": [
        0.012366032227873802,
        0.0008608331554569304,
        0.0004759819421451539,
        0.0003163206565659493,
        0.00022933522996027023,
        0.0001753619872033596,
        0.00013862637570127845,
        0.00011367646948201582,
        9.710079029900953e-05,
        8.537196845281869e-05,
        7.648822065675631e-05,
        6.92683897796087e-05,
        6.358590326271951e-05,
        5.867631625733338e-05,
        5.4453270422527567e-05,
        5.0955892220372334e-05,
        4.7860536142252386e-05,
        4.5035663788439706e-05,
        4.265429015504196e-05,
        4.048511982546188e-05
    ],
    "cosine_similarity": [
        0.9757527709007263,
        0.9983977675437927,
        0.9991085529327393,
        0.9993937611579895,
        0.999535083770752,
        0.9996519088745117,
        0.9997348189353943,
        0.9997855424880981,
        0.999819278717041,
        0.9998449087142944,
        0.9998674392700195,
        0.9998857975006104,
        0.9998999238014221,
        0.9999117255210876,
        0.9999203681945801,
        0.9999271035194397,
        0.9999339580535889,
        0.9999392032623291,
        0.9999423027038574,
        0.9999473690986633
    ]
}