{
    "loss": [
        0.1587366759777069,
        0.0819825604557991,
        0.07848518341779709,
        0.07679415494203568,
        0.0753541961312294,
        0.07397687435150146,
        0.07294148206710815,
        0.07211270183324814,
        0.07147703319787979,
        0.07093013823032379,
        0.07050352543592453,
        0.07018284499645233,
        0.06993979215621948,
        0.06975287944078445,
        0.06959903240203857,
        0.0694747343659401,
        0.06938231736421585,
        0.06931307911872864,
        0.069239042699337,
        0.06917408108711243
    ],
    "mae": [
        0.1587366759777069,
        0.0819825604557991,
        0.07848518341779709,
        0.07679415494203568,
        0.0753541961312294,
        0.07397687435150146,
        0.07294148206710815,
        0.07211270183324814,
        0.07147703319787979,
        0.07093013823032379,
        0.07050352543592453,
        0.07018284499645233,
        0.06993979215621948,
        0.06975287944078445,
        0.06959903240203857,
        0.0694747343659401,
        0.06938231736421585,
        0.06931307911872864,
        0.069239042699337,
        0.06917408108711243
    ],
    "mse": [
        0.06375861912965775,
        0.012988673523068428,
        0.012254607863724232,
        0.01193667110055685,
        0.011687474325299263,
        0.0114696454256773,
        0.01133052073419094,
        0.01122597698122263,
        0.011165240779519081,
        0.01112439762800932,
        0.011081271804869175,
        0.011044174432754517,
        0.011012238450348377,
        0.01099548302590847,
        0.01097251195460558,
        0.010946875438094139,
        0.010930872522294521,
        0.010924067348241806,
        0.010903403162956238,
        0.010901295579969883
    ]
}