{
    "loss": [
        0.12474578619003296,
        0.0825943872332573,
        0.078629270195961,
        0.07648202031850815,
        0.07500312477350235,
        0.07379259169101715,
        0.0728437677025795,
        0.07206474244594574,
        0.07140915095806122,
        0.07090578973293304,
        0.07048749923706055,
        0.07012941688299179,
        0.06981050223112106,
        0.06949982792139053,
        0.06920750439167023,
        0.06896384060382843,
        0.06874756515026093,
        0.06858891248703003,
        0.06845691800117493,
        0.06838437914848328
    ],
    "mae": [
        0.12474578619003296,
        0.0825943872332573,
        0.078629270195961,
        0.07648202031850815,
        0.07500312477350235,
        0.07379259169101715,
        0.0728437677025795,
        0.07206474244594574,
        0.07140915095806122,
        0.07090578973293304,
        0.07048749923706055,
        0.07012941688299179,
        0.06981050223112106,
        0.06949982792139053,
        0.06920750439167023,
        0.06896384060382843,
        0.06874756515026093,
        0.06858891248703003,
        0.06845691800117493,
        0.06838437914848328
    ],
    "mse": [
        0.03467099741101265,
        0.013233723118901253,
        0.01235195528715849,
        0.011928916908800602,
        0.01167331077158451,
        0.011492082849144936,
        0.011361018754541874,
        0.011249671690165997,
        0.011164691299200058,
        0.011103253811597824,
        0.011064361780881882,
        0.011035594157874584,
        0.011003440245985985,
        0.010979358106851578,
        0.010952270589768887,
        0.010927430354058743,
        0.010913041420280933,
        0.010896161198616028,
        0.010886087082326412,
        0.01086777076125145
    ]
}