{
    "loss": [
        0.10209845006465912,
        0.0800076499581337,
        0.0762816071510315,
        0.07396646589040756,
        0.07241860777139664,
        0.07138655334711075,
        0.07064049690961838,
        0.0700409784913063,
        0.06956254690885544,
        0.0691942349076271,
        0.06889262795448303,
        0.06861630082130432,
        0.06840301305055618,
        0.06821026653051376,
        0.0680403783917427,
        0.06791973114013672,
        0.06780752539634705,
        0.06770124286413193,
        0.06760714948177338,
        0.06752189248800278
    ],
    "mae": [
        0.10209845006465912,
        0.0800076499581337,
        0.0762816071510315,
        0.07396646589040756,
        0.07241860777139664,
        0.07138655334711075,
        0.07064049690961838,
        0.0700409784913063,
        0.06956254690885544,
        0.0691942349076271,
        0.06889262795448303,
        0.06861630082130432,
        0.06840301305055618,
        0.06821026653051376,
        0.0680403783917427,
        0.06791973114013672,
        0.06780752539634705,
        0.06770124286413193,
        0.06760714948177338,
        0.06752189248800278
    ],
    "mse": [
        0.02088703215122223,
        0.012719295918941498,
        0.011964666657149792,
        0.011603823862969875,
        0.011382256634533405,
        0.011238301172852516,
        0.011132681742310524,
        0.011062322184443474,
        0.011001108214259148,
        0.010939275845885277,
        0.010899827815592289,
        0.010857709683477879,
        0.010814785026013851,
        0.010792672634124756,
        0.010762047953903675,
        0.010743212886154652,
        0.010736343450844288,
        0.010721446014940739,
        0.010706505738198757,
        0.010690771974623203
    ]
}